{
    "z_start": 200,
    "dx_fin_kpc": 1,
    "levelmin": 9,
    "FlagAMR": 1,
    "FlagZoom": 0,
    "k0": 0.05,
    "As": 2.163095370590395e-09,
    "ns": 0.96,
    "h": 0.72,
    "bias8_z0_WMAP5": 1.26,
    "sigma8_z1090_WMAP5": 0.0011775560229492243,
    "Omega_m": 0.26,
    "Omega_b": 0.044,
    "Omega_k": 0.0,
    "w0": -0.8,
    "wa": -0.8,
    "k_per_logint": 100,
    "sigma8_z0_WMAP5": 0.7936507936507936,
    "Omega_c": 0.21600000000000003,
    "Omega_l": 0.74,
    "levelmax": 16,
    "kmax": 24.543692606170257,
    "Lbox_cMpc": 65.536,
    "Lbox_cMpc/h": 47.185919999999996,
    "dx_ini_ckpc": 128.0,
    "dx_ini_kpc": 0.6368159203980099
}